tier,node,dtt_score,timeliness,availability,cpu_utilization,bandwidth_utilization,compute_time_ms,node_status
Terminal,terminal-1,0.6576333333333333,0.7257166666666666,0.9933333333333335,57.54,13.3952,27.826933333333333,degraded
Terminal,terminal-2,0.6302166666666666,0.6949666666666667,0.9933333333333335,63.300000000000004,14.9934,31.7985,degraded
Terminal,terminal-3,0.6439333333333334,0.7103666666666667,0.9933333333333335,60.42000000000001,14.194299999999998,29.584266666666668,degraded
Terminal,terminal-4,0.6165166666666667,0.6795666666666667,0.9933333333333335,66.17999999999999,15.792500000000002,33.7843,degraded
Terminal,terminal-5,0.6713333333333334,0.7411166666666666,0.9933333333333335,54.660000000000004,12.995599999999998,25.920233333333332,degraded
Edge,edge-1,0.7261333333333333,0.8027166666666665,0.9933333333333335,64.74,24.1833,21.738916666666668,healthy
Edge,edge-2,0.6987166666666665,0.7719166666666667,0.9933333333333335,69.05999999999999,25.781499999999998,24.7967,degraded
Edge,edge-3,0.6130666666666666,0.6869666666666667,0.9663333333333334,77.7,27.3798,28.31138333333333,degraded
Cloud,cloud-1,0.6576333333333333,0.7257166666666666,0.9933333333333335,71.93999999999998,34.5718,30.649216666666664,degraded
