algorithm,task_count,avg_delay_ms,avg_energy_kj,advanced_task_priority_rate,high_priority_completion_rate,dependency_aware_success_rate,fuzzy_accuracy,edge_hourly_energy_kj,edge_cpu_utilization,edge_bandwidth_utilization,edge_cpu_bw_utilization,avg_dtt_score,trust_violation_rate,high_priority_trusted_completion_rate,reorchestration_count,reorchestration_rate,dt_recovered_count,dt_recovered_rate,avg_recovery_time_ms
FedDQL-Federated,3000,20.9464,0.030976999999999998,99.2366,99.2366,100.0,98.1,60.504,74.4316,76.3239,75.3777,0.8532,15.3667,99.2366,0,0.0,0,0.0,0.0
DT-FedDQL,3000,20.947,0.030976999999999998,100.0,100.0,100.0,98.1,60.504,74.4316,76.3239,75.3777,0.8532,15.3333,100.0,0,0.0,1,0.0333,0.0007
Local Only,3000,44.6935,0.059354,0.0,0.0,0.0,,0.0,0.0,0.0,0.0,0.6793,99.4,0.0,0,0.0,0,0.0,0.0
Greedy,3000,43.338,0.05775,84.7328,84.7328,0.0,,60.8527,74.6702,77.3769,76.0236,0.6991,94.5,84.7328,0,0.0,0,0.0,0.0
MILP,3000,44.8493,0.057999,80.916,80.916,0.0,,60.5224,74.7787,76.0449,75.4118,0.6898,95.7333,80.916,0,0.0,0,0.0,0.0
Centralized DQN,3000,45.2293,0.059265,0.0,0.0,0.0,,62.9893,83.4181,76.5422,79.9801,0.6771,99.5333,0.0,0,0.0,0,0.0,0.0
Fuzzy DQL,3000,43.338,0.05775,84.7328,84.7328,0.0,98.1,60.8527,74.6702,77.3769,76.0236,0.6991,94.5,84.7328,0,0.0,0,0.0,0.0
FedServ,3000,43.338,0.05775,84.7328,84.7328,0.0,,60.8527,74.6702,77.3769,76.0236,0.6991,94.5,84.7328,0,0.0,0,0.0,0.0
Random Offloading,3000,58.9547,0.046343999999999996,27.4809,27.4809,32.9749,,60.409,74.2221,76.1815,75.2018,0.6033,71.6333,27.4809,0,0.0,0,0.0,0.0
