algorithm,digital_twin_orchestration,time_s,epoch,phase_description,network_latency_ms,processing_time_ms,end_to_end_latency_ms,dtt_score,timeliness,reliability,availability,trust_violation_rate,high_priority_completion_rate,reorchestration_rate,task_count,bandwidth_min_mbps,bandwidth_max_mbps,trust_threshold
DT-FedDQL,1,0,R1,normal network and balanced edge load,13.7355,20.0791,33.8146,0.8209,0.9651,0.8504,1.0,28.5714,100.0,92.8571,28,75.0,100.0,0.8
DT-FedDQL,1,10,R1,normal network and balanced edge load,14.7053,20.213,34.9184,0.8182,0.954,0.8577,1.0,28.5714,50.0,89.2857,28,75.0,100.0,0.8
DT-FedDQL,1,20,R1,normal network and balanced edge load,14.3059,21.3498,35.6557,0.7884,0.9171,0.8614,1.0,53.5714,100.0,92.8571,28,75.0,100.0,0.8
DT-FedDQL,1,30,R1,normal network and balanced edge load,12.8695,20.1452,33.0147,0.8351,0.9735,0.8577,1.0,21.4286,100.0,85.7143,28,75.0,100.0,0.8
DT-FedDQL,1,40,R1,normal network and balanced edge load,13.4613,16.9122,30.3734,0.8621,0.9869,0.8738,1.0,3.5714,80.0,82.1429,28,75.0,100.0,0.8
DT-FedDQL,1,50,R1,normal network and balanced edge load,13.3531,19.9542,33.3073,0.8268,0.9574,0.8631,1.0,17.8571,100.0,89.2857,28,75.0,100.0,0.8
DT-FedDQL,1,60,R1,normal network and balanced edge load,13.1822,23.2106,36.3928,0.8006,0.9435,0.8488,1.0,35.7143,100.0,100.0,28,75.0,100.0,0.8
DT-FedDQL,1,70,R1,normal network and balanced edge load,14.2631,18.8916,33.1547,0.8301,0.9658,0.8595,1.0,17.8571,100.0,92.8571,28,75.0,100.0,0.8
DT-FedDQL,1,80,R1,normal network and balanced edge load,14.3508,19.7672,34.118,0.8231,0.9613,0.8558,1.0,25.0,100.0,92.8571,28,75.0,100.0,0.8
DT-FedDQL,1,90,R1,normal network and balanced edge load,14.2699,20.8607,35.1307,0.7992,0.9444,0.8469,1.0,39.2857,100.0,96.4286,28,75.0,100.0,0.8
DT-FedDQL,1,100,R1,normal network and balanced edge load,12.7324,20.3152,33.0477,0.8013,0.936,0.856,1.0,28.5714,100.0,96.4286,28,75.0,100.0,0.8
DT-FedDQL,1,110,R1,normal network and balanced edge load,14.3153,20.7398,35.0551,0.8128,0.9541,0.8523,1.0,32.1429,100.0,89.2857,28,75.0,100.0,0.8
DT-FedDQL,1,120,R1,normal network and balanced edge load,13.6986,21.1413,34.84,0.7821,0.9178,0.8523,1.0,35.7143,100.0,96.4286,28,75.0,100.0,0.8
DT-FedDQL,1,130,R1,normal network and balanced edge load,13.4999,22.5529,36.0528,0.7962,0.9384,0.8488,1.0,28.5714,100.0,100.0,28,75.0,100.0,0.8
DT-FedDQL,1,140,R1,normal network and balanced edge load,14.6347,21.502,36.1367,0.8023,0.9412,0.8523,1.0,42.8571,100.0,96.4286,28,75.0,100.0,0.8
DT-FedDQL,1,150,R1,normal network and balanced edge load,13.4771,19.8691,33.3463,0.8389,0.98,0.8558,1.0,17.8571,100.0,89.2857,28,75.0,100.0,0.8
DT-FedDQL,1,160,R1,normal network and balanced edge load,14.6772,18.8161,33.4934,0.8268,0.9539,0.8668,1.0,25.0,100.0,89.2857,28,75.0,100.0,0.8
DT-FedDQL,1,170,R1,normal network and balanced edge load,12.3602,19.6723,32.0326,0.824,0.9629,0.856,1.0,28.5714,100.0,92.8571,28,75.0,100.0,0.8
DT-FedDQL,1,180,R1,normal network and balanced edge load,14.2814,20.5526,34.8341,0.8056,0.9438,0.8541,1.0,32.1429,100.0,92.8571,28,75.0,100.0,0.8
DT-FedDQL,1,190,R1,normal network and balanced edge load,13.7046,21.3745,35.0791,0.7979,0.9389,0.8506,1.0,35.7143,100.0,100.0,28,75.0,100.0,0.8
DT-FedDQL,1,200,R1,normal network and balanced edge load,13.5883,22.916,36.5043,0.7627,0.8863,0.8595,1.0,53.5714,50.0,89.2857,28,75.0,100.0,0.8
DT-FedDQL,1,210,R1,normal network and balanced edge load,12.7191,21.1725,33.8916,0.7878,0.9279,0.8487,1.0,28.5714,100.0,100.0,28,75.0,100.0,0.8
DT-FedDQL,1,220,R1,normal network and balanced edge load,15.4193,22.8513,38.2707,0.7749,0.9073,0.8541,1.0,57.1429,100.0,89.2857,28,75.0,100.0,0.8
DT-FedDQL,1,230,R1,normal network and balanced edge load,13.5511,22.631,36.1821,0.7965,0.9426,0.845,1.0,39.2857,100.0,96.4286,28,75.0,100.0,0.8
DT-FedDQL,1,240,R1,normal network and balanced edge load,13.4734,21.5193,34.9928,0.7886,0.9314,0.8469,1.0,42.8571,100.0,100.0,28,75.0,100.0,0.8
DT-FedDQL,1,250,R1,normal network and balanced edge load,14.1327,21.6138,35.7465,0.807,0.9486,0.8504,1.0,39.2857,100.0,89.2857,28,75.0,100.0,0.8
DT-FedDQL,1,260,R1,normal network and balanced edge load,13.9764,21.8024,35.7788,0.7955,0.9359,0.8506,1.0,39.2857,100.0,96.4286,28,75.0,100.0,0.8
DT-FedDQL,1,270,R1,normal network and balanced edge load,14.1717,19.6123,33.784,0.824,0.9586,0.8595,1.0,25.0,100.0,89.2857,28,75.0,100.0,0.8
DT-FedDQL,1,280,R1,normal network and balanced edge load,15.2505,19.6857,34.9362,0.7941,0.9334,0.8504,1.0,35.7143,100.0,96.4286,28,75.0,100.0,0.8
DT-FedDQL,1,290,R1,normal network and balanced edge load,13.4897,21.0713,34.5609,0.8077,0.9518,0.8487,1.0,21.4286,100.0,100.0,28,75.0,100.0,0.8
DT-FedDQL,1,300,R2,network latency degradation,71.7805,22.3822,94.1626,0.2775,0.3844,0.781,0.92,100.0,100.0,92.8571,28,16.0,34.0,0.82
DT-FedDQL,1,310,R2,network latency degradation,81.5178,21.3455,102.8633,0.2565,0.3596,0.7689,0.92,100.0,100.0,89.2857,28,16.0,34.0,0.82
DT-FedDQL,1,320,R2,network latency degradation,84.0869,22.3712,106.4581,0.2469,0.3505,0.7552,0.92,100.0,100.0,96.4286,28,16.0,34.0,0.82
DT-FedDQL,1,330,R2,network latency degradation,73.1278,24.3303,97.4581,0.2688,0.3729,0.781,0.92,100.0,100.0,92.8571,28,16.0,34.0,0.82
DT-FedDQL,1,340,R2,network latency degradation,78.0897,22.9621,101.0518,0.2508,0.353,0.7701,0.92,100.0,100.0,96.4286,28,16.0,34.0,0.82
DT-FedDQL,1,350,R2,network latency degradation,76.7536,23.191,99.9446,0.2693,0.3723,0.7801,0.92,100.0,0.0,85.7143,28,16.0,34.0,0.82
DT-FedDQL,1,360,R2,network latency degradation,72.516,24.4532,96.9692,0.2662,0.3656,0.7862,0.92,100.0,100.0,92.8571,28,16.0,34.0,0.82
DT-FedDQL,1,370,R2,network latency degradation,81.6333,24.1062,105.7395,0.2504,0.3576,0.7526,0.92,100.0,100.0,100.0,28,16.0,34.0,0.82
DT-FedDQL,1,380,R2,network latency degradation,77.3729,22.915,100.2879,0.2646,0.3731,0.7649,0.92,100.0,100.0,100.0,28,16.0,34.0,0.82
DT-FedDQL,1,390,R2,network latency degradation,72.3625,24.8271,97.1896,0.2794,0.3879,0.7752,0.92,100.0,100.0,100.0,28,16.0,34.0,0.82
DT-FedDQL,1,400,R2,network latency degradation,83.1591,24.0471,107.2061,0.2386,0.3379,0.7652,0.92,100.0,100.0,89.2857,28,16.0,34.0,0.82
DT-FedDQL,1,410,R2,network latency degradation,83.4276,23.8944,107.322,0.2366,0.3374,0.7574,0.92,100.0,100.0,96.4286,28,16.0,34.0,0.82
DT-FedDQL,1,420,R2,network latency degradation,76.4278,25.8199,102.2476,0.2571,0.359,0.7744,0.92,100.0,100.0,85.7143,28,16.0,34.0,0.82
DT-FedDQL,1,430,R2,network latency degradation,75.6859,21.5746,97.2605,0.278,0.3855,0.7724,0.92,100.0,100.0,96.4286,28,16.0,34.0,0.82
DT-FedDQL,1,440,R2,network latency degradation,81.3516,22.6599,104.0115,0.2498,0.3481,0.7719,0.92,100.0,100.0,82.1429,28,16.0,34.0,0.82
DT-FedDQL,1,450,R2,network latency degradation,72.8603,21.5463,94.4066,0.2875,0.3977,0.7775,0.92,100.0,100.0,96.4286,28,16.0,34.0,0.82
DT-FedDQL,1,460,R2,network latency degradation,76.4501,21.9587,98.4087,0.2709,0.379,0.7707,0.92,100.0,100.0,96.4286,28,16.0,34.0,0.82
DT-FedDQL,1,470,R2,network latency degradation,84.4142,23.6067,108.0209,0.244,0.3456,0.7588,0.92,100.0,100.0,92.8571,28,16.0,34.0,0.82
DT-FedDQL,1,480,R2,network latency degradation,82.1584,24.1974,106.3558,0.2422,0.3436,0.7613,0.92,100.0,100.0,92.8571,28,16.0,34.0,0.82
DT-FedDQL,1,490,R2,network latency degradation,80.1232,23.3243,103.4475,0.2439,0.3447,0.7652,0.92,100.0,0.0,96.4286,28,16.0,34.0,0.82
DT-FedDQL,1,500,R2,network latency degradation,79.844,23.6258,103.4699,0.2447,0.3429,0.7716,0.92,100.0,100.0,89.2857,28,16.0,34.0,0.82
DT-FedDQL,1,510,R2,network latency degradation,79.9418,22.8566,102.7984,0.2519,0.355,0.7631,0.92,100.0,100.0,100.0,28,16.0,34.0,0.82
DT-FedDQL,1,520,R2,network latency degradation,80.8682,23.4623,104.3305,0.2471,0.3472,0.7698,0.92,100.0,100.0,92.8571,28,16.0,34.0,0.82
DT-FedDQL,1,530,R2,network latency degradation,85.3588,24.6355,109.9943,0.2269,0.3272,0.75,0.92,100.0,100.0,100.0,28,16.0,34.0,0.82
DT-FedDQL,1,540,R2,network latency degradation,72.062,23.3687,95.4307,0.2895,0.4047,0.7685,0.92,100.0,100.0,100.0,28,16.0,34.0,0.82
DT-FedDQL,1,550,R2,network latency degradation,79.5187,24.4234,103.9422,0.2532,0.3564,0.766,0.92,100.0,100.0,96.4286,28,16.0,34.0,0.82
DT-FedDQL,1,560,R2,network latency degradation,80.7343,21.8412,102.5755,0.2506,0.3551,0.7628,0.92,100.0,100.0,96.4286,28,16.0,34.0,0.82
DT-FedDQL,1,570,R2,network latency degradation,78.7294,22.4462,101.1756,0.2556,0.36,0.7653,0.92,100.0,100.0,96.4286,28,16.0,34.0,0.82
DT-FedDQL,1,580,R2,network latency degradation,88.4765,23.7613,112.2378,0.2214,0.3192,0.7527,0.92,100.0,100.0,92.8571,28,16.0,34.0,0.82
DT-FedDQL,1,590,R2,network latency degradation,75.3122,23.2582,98.5704,0.2719,0.3809,0.7711,0.92,100.0,100.0,96.4286,28,16.0,34.0,0.82
DT-FedDQL,1,600,R3,digital-twin re-orchestration recovery,9.6318,16.7441,26.3759,0.8945,0.9998,0.8947,1.0,0.0,100.0,89.2857,28,80.0,105.0,0.8
DT-FedDQL,1,610,R3,digital-twin re-orchestration recovery,9.9531,17.924,27.8771,0.8804,0.9984,0.8819,1.0,0.0,100.0,100.0,28,80.0,105.0,0.8
DT-FedDQL,1,620,R3,digital-twin re-orchestration recovery,8.9718,17.3975,26.3693,0.8864,0.9982,0.888,1.0,0.0,100.0,96.4286,28,80.0,105.0,0.8
DT-FedDQL,1,630,R3,digital-twin re-orchestration recovery,8.8432,17.5317,26.3748,0.8929,1.0,0.8929,1.0,0.0,100.0,82.1429,28,80.0,105.0,0.8
DT-FedDQL,1,640,R3,digital-twin re-orchestration recovery,9.9692,18.9556,28.9248,0.877,0.9825,0.8923,1.0,7.1429,100.0,92.8571,28,80.0,105.0,0.8
DT-FedDQL,1,650,R3,digital-twin re-orchestration recovery,9.1849,20.286,29.4709,0.8752,0.9896,0.8843,1.0,3.5714,100.0,92.8571,28,80.0,105.0,0.8
DT-FedDQL,1,660,R3,digital-twin re-orchestration recovery,10.2967,17.7573,28.054,0.8818,1.0,0.8819,1.0,0.0,100.0,100.0,28,80.0,105.0,0.8
DT-FedDQL,1,670,R3,digital-twin re-orchestration recovery,9.9897,17.4654,27.4551,0.8798,0.9863,0.8923,1.0,3.5714,100.0,92.8571,28,80.0,105.0,0.8
DT-FedDQL,1,680,R3,digital-twin re-orchestration recovery,10.3891,17.9998,28.3889,0.8827,0.9922,0.8899,1.0,3.5714,0.0,96.4286,28,80.0,105.0,0.8
DT-FedDQL,1,690,R3,digital-twin re-orchestration recovery,9.6634,15.3162,24.9796,0.872,0.9909,0.88,1.0,3.5714,100.0,100.0,28,80.0,105.0,0.8
DT-FedDQL,1,700,R3,digital-twin re-orchestration recovery,9.7968,16.6164,26.4132,0.8927,0.9984,0.8942,1.0,0.0,100.0,92.8571,28,80.0,105.0,0.8
DT-FedDQL,1,710,R3,digital-twin re-orchestration recovery,9.7602,18.0484,27.8086,0.862,0.9774,0.8819,1.0,3.5714,100.0,100.0,28,80.0,105.0,0.8
DT-FedDQL,1,720,R3,digital-twin re-orchestration recovery,9.9167,17.9606,27.8773,0.8764,0.9959,0.88,1.0,0.0,100.0,100.0,28,80.0,105.0,0.8
DT-FedDQL,1,730,R3,digital-twin re-orchestration recovery,10.2908,19.2405,29.5314,0.8688,0.983,0.8837,1.0,10.7143,100.0,92.8571,28,80.0,105.0,0.8
DT-FedDQL,1,740,R3,digital-twin re-orchestration recovery,9.4641,18.0015,27.4656,0.8819,1.0,0.8819,1.0,0.0,100.0,100.0,28,80.0,105.0,0.8
DT-FedDQL,1,750,R3,digital-twin re-orchestration recovery,10.6187,17.0749,27.6936,0.8778,0.9937,0.8837,1.0,0.0,100.0,96.4286,28,80.0,105.0,0.8
DT-FedDQL,1,760,R3,digital-twin re-orchestration recovery,11.3354,16.9432,28.2787,0.894,0.9992,0.8947,1.0,0.0,66.6667,89.2857,28,80.0,105.0,0.8
DT-FedDQL,1,770,R3,digital-twin re-orchestration recovery,11.1739,17.0695,28.2434,0.8882,0.9916,0.8961,1.0,0.0,50.0,92.8571,28,80.0,105.0,0.8
DT-FedDQL,1,780,R3,digital-twin re-orchestration recovery,9.7924,16.4747,26.2671,0.8966,1.0,0.8966,1.0,0.0,100.0,89.2857,28,80.0,105.0,0.8
DT-FedDQL,1,790,R3,digital-twin re-orchestration recovery,9.9153,18.7519,28.6672,0.8824,0.9978,0.8843,1.0,0.0,0.0,96.4286,28,80.0,105.0,0.8
DT-FedDQL,1,800,R3,digital-twin re-orchestration recovery,10.137,18.0075,28.1445,0.8847,0.9968,0.8875,1.0,0.0,100.0,92.8571,28,80.0,105.0,0.8
DT-FedDQL,1,810,R3,digital-twin re-orchestration recovery,8.9595,18.184,27.1436,0.8818,0.9907,0.8904,1.0,3.5714,100.0,92.8571,28,80.0,105.0,0.8
DT-FedDQL,1,820,R3,digital-twin re-orchestration recovery,9.5175,16.8334,26.3509,0.8862,1.0,0.8862,1.0,0.0,100.0,96.4286,28,80.0,105.0,0.8
DT-FedDQL,1,830,R3,digital-twin re-orchestration recovery,9.3628,19.3568,28.7196,0.868,0.9843,0.8819,1.0,7.1429,100.0,96.4286,28,80.0,105.0,0.8
DT-FedDQL,1,840,R3,digital-twin re-orchestration recovery,9.2193,18.1843,27.4035,0.8694,0.9858,0.8819,1.0,7.1429,100.0,92.8571,28,80.0,105.0,0.8
DT-FedDQL,1,850,R3,digital-twin re-orchestration recovery,9.2688,17.0379,26.3066,0.8901,0.9996,0.8904,1.0,0.0,50.0,92.8571,28,80.0,105.0,0.8
DT-FedDQL,1,860,R3,digital-twin re-orchestration recovery,9.8897,17.5549,27.4446,0.8872,0.9984,0.8886,1.0,0.0,0.0,85.7143,28,80.0,105.0,0.8
DT-FedDQL,1,870,R3,digital-twin re-orchestration recovery,10.2573,18.9177,29.175,0.8833,0.9974,0.8856,1.0,0.0,100.0,100.0,28,80.0,105.0,0.8
DT-FedDQL,1,880,R3,digital-twin re-orchestration recovery,10.2967,18.4242,28.7208,0.8795,0.9973,0.8819,1.0,0.0,100.0,100.0,28,80.0,105.0,0.8
DT-FedDQL,1,890,R3,digital-twin re-orchestration recovery,9.5175,19.6461,29.1637,0.8421,0.9569,0.88,1.0,14.2857,100.0,100.0,28,80.0,105.0,0.8
DT-FedDQL,1,900,R4,edge overload and resource contention,35.8602,36.1956,72.0558,0.3024,0.5006,0.7857,0.77,100.0,100.0,89.2857,28,38.0,58.0,0.84
DT-FedDQL,1,910,R4,edge overload and resource contention,33.1311,37.6797,70.8108,0.3101,0.5184,0.7748,0.77,100.0,100.0,92.8571,28,38.0,58.0,0.84
DT-FedDQL,1,920,R4,edge overload and resource contention,34.5452,41.0559,75.6011,0.2907,0.4884,0.7714,0.77,100.0,100.0,96.4286,28,38.0,58.0,0.84
DT-FedDQL,1,930,R4,edge overload and resource contention,36.0694,41.4972,77.5666,0.2835,0.4807,0.7661,0.77,100.0,100.0,100.0,28,38.0,58.0,0.84
DT-FedDQL,1,940,R4,edge overload and resource contention,33.0449,39.2506,72.2956,0.3014,0.5039,0.7785,0.77,100.0,100.0,92.8571,28,38.0,58.0,0.84
DT-FedDQL,1,950,R4,edge overload and resource contention,33.7922,40.8941,74.6863,0.2919,0.4865,0.7783,0.77,100.0,100.0,92.8571,28,38.0,58.0,0.84
DT-FedDQL,1,960,R4,edge overload and resource contention,39.9103,39.3898,79.3001,0.2772,0.464,0.7736,0.77,100.0,100.0,92.8571,28,38.0,58.0,0.84
DT-FedDQL,1,970,R4,edge overload and resource contention,35.072,41.1824,76.2544,0.2859,0.4802,0.7713,0.77,100.0,100.0,96.4286,28,38.0,58.0,0.84
DT-FedDQL,1,980,R4,edge overload and resource contention,33.4152,40.76,74.1751,0.3025,0.5143,0.7634,0.77,100.0,100.0,100.0,28,38.0,58.0,0.84
DT-FedDQL,1,990,R4,edge overload and resource contention,39.2066,39.517,78.7236,0.2781,0.468,0.7741,0.77,100.0,100.0,89.2857,28,38.0,58.0,0.84
DT-FedDQL,1,1000,R4,edge overload and resource contention,37.6803,38.531,76.2113,0.2907,0.4877,0.7695,0.77,100.0,100.0,96.4286,28,38.0,58.0,0.84
DT-FedDQL,1,1010,R4,edge overload and resource contention,34.148,40.6582,74.8061,0.2932,0.4905,0.7763,0.77,100.0,100.0,92.8571,28,38.0,58.0,0.84
DT-FedDQL,1,1020,R4,edge overload and resource contention,32.6744,40.2651,72.9395,0.3069,0.5171,0.7705,0.77,100.0,100.0,92.8571,28,38.0,58.0,0.84
DT-FedDQL,1,1030,R4,edge overload and resource contention,33.3958,41.2982,74.694,0.2923,0.4948,0.7676,0.77,100.0,100.0,100.0,28,38.0,58.0,0.84
DT-FedDQL,1,1040,R4,edge overload and resource contention,40.1014,43.1345,83.236,0.261,0.4415,0.7683,0.77,100.0,100.0,100.0,28,38.0,58.0,0.84
DT-FedDQL,1,1050,R4,edge overload and resource contention,32.5287,41.9442,74.4729,0.302,0.5123,0.7656,0.77,100.0,100.0,96.4286,28,38.0,58.0,0.84
DT-FedDQL,1,1060,R4,edge overload and resource contention,37.9402,41.7121,79.6523,0.277,0.4716,0.7624,0.77,100.0,100.0,100.0,28,38.0,58.0,0.84
DT-FedDQL,1,1070,R4,edge overload and resource contention,35.8145,40.1584,75.9729,0.2855,0.482,0.7699,0.77,100.0,100.0,96.4286,28,38.0,58.0,0.84
DT-FedDQL,1,1080,R4,edge overload and resource contention,36.3784,35.2383,71.6167,0.3085,0.5108,0.7812,0.77,100.0,100.0,92.8571,28,38.0,58.0,0.84
DT-FedDQL,1,1090,R4,edge overload and resource contention,35.8667,41.876,77.7427,0.2831,0.4792,0.7675,0.77,100.0,100.0,92.8571,28,38.0,58.0,0.84
DT-FedDQL,1,1100,R4,edge overload and resource contention,35.7091,36.9131,72.6221,0.2864,0.4758,0.7792,0.77,100.0,66.6667,89.2857,28,38.0,58.0,0.84
DT-FedDQL,1,1110,R4,edge overload and resource contention,37.2981,41.7538,79.0519,0.2801,0.4746,0.7673,0.77,100.0,100.0,100.0,28,38.0,58.0,0.84
DT-FedDQL,1,1120,R4,edge overload and resource contention,32.0097,40.9242,72.9339,0.3017,0.5118,0.7661,0.77,100.0,100.0,100.0,28,38.0,58.0,0.84
DT-FedDQL,1,1130,R4,edge overload and resource contention,36.4088,42.1928,78.6016,0.2803,0.4757,0.7655,0.77,100.0,100.0,100.0,28,38.0,58.0,0.84
DT-FedDQL,1,1140,R4,edge overload and resource contention,38.0222,39.1238,77.146,0.2792,0.4692,0.7724,0.77,100.0,100.0,96.4286,28,38.0,58.0,0.84
DT-FedDQL,1,1150,R4,edge overload and resource contention,35.2129,43.8235,79.0364,0.2813,0.4767,0.7669,0.77,100.0,100.0,100.0,28,38.0,58.0,0.84
DT-FedDQL,1,1160,R4,edge overload and resource contention,36.9844,41.1043,78.0887,0.2775,0.4694,0.7682,0.77,100.0,100.0,100.0,28,38.0,58.0,0.84
DT-FedDQL,1,1170,R4,edge overload and resource contention,33.1687,36.4491,69.6177,0.3133,0.5225,0.7807,0.77,100.0,66.6667,89.2857,28,38.0,58.0,0.84
DT-FedDQL,1,1180,R4,edge overload and resource contention,34.2821,36.7857,71.0679,0.3032,0.5116,0.769,0.77,100.0,100.0,96.4286,28,38.0,58.0,0.84
DT-FedDQL,1,1190,R4,edge overload and resource contention,36.1841,39.236,75.4201,0.2899,0.4874,0.7705,0.77,100.0,100.0,96.4286,28,38.0,58.0,0.84
DT-FedDQL,1,1200,R5,stable state after orchestration,21.7215,22.2381,43.9595,0.7087,0.8099,0.8741,1.0,75.0,66.6667,89.2857,28,68.0,92.0,0.8
DT-FedDQL,1,1210,R5,stable state after orchestration,19.9888,22.6727,42.6615,0.7022,0.806,0.8709,1.0,78.5714,100.0,92.8571,28,68.0,92.0,0.8
DT-FedDQL,1,1220,R5,stable state after orchestration,21.2629,22.0488,43.3117,0.7145,0.8203,0.8709,1.0,71.4286,100.0,92.8571,28,68.0,92.0,0.8
DT-FedDQL,1,1230,R5,stable state after orchestration,21.8339,22.4468,44.2807,0.7045,0.8186,0.8609,1.0,82.1429,100.0,100.0,28,68.0,92.0,0.8
DT-FedDQL,1,1240,R5,stable state after orchestration,22.143,23.7014,45.8444,0.6826,0.7921,0.8628,1.0,82.1429,100.0,100.0,28,68.0,92.0,0.8
DT-FedDQL,1,1250,R5,stable state after orchestration,21.8262,22.8035,44.6297,0.7004,0.8095,0.8659,1.0,75.0,100.0,96.4286,28,68.0,92.0,0.8
DT-FedDQL,1,1260,R5,stable state after orchestration,22.7711,23.5248,46.2959,0.6799,0.79,0.8609,1.0,85.7143,100.0,100.0,28,68.0,92.0,0.8
DT-FedDQL,1,1270,R5,stable state after orchestration,21.6884,21.7033,43.3917,0.7191,0.8291,0.8691,1.0,75.0,50.0,92.8571,28,68.0,92.0,0.8
DT-FedDQL,1,1280,R5,stable state after orchestration,22.713,20.3243,43.0373,0.7206,0.8204,0.8791,1.0,75.0,100.0,85.7143,28,68.0,92.0,0.8
DT-FedDQL,1,1290,R5,stable state after orchestration,21.5764,20.5319,42.1083,0.7348,0.835,0.881,1.0,67.8571,100.0,82.1429,28,68.0,92.0,0.8
DT-FedDQL,1,1300,R5,stable state after orchestration,20.2841,22.8324,43.1165,0.7291,0.8453,0.8628,1.0,71.4286,100.0,100.0,28,68.0,92.0,0.8
DT-FedDQL,1,1310,R5,stable state after orchestration,21.4532,22.6406,44.0938,0.7144,0.8233,0.8678,1.0,64.2857,100.0,96.4286,28,68.0,92.0,0.8
DT-FedDQL,1,1320,R5,stable state after orchestration,21.9546,22.1895,44.1441,0.7048,0.8116,0.8678,1.0,89.2857,100.0,92.8571,28,68.0,92.0,0.8
DT-FedDQL,1,1330,R5,stable state after orchestration,23.6877,20.0678,43.7555,0.7046,0.8021,0.8779,1.0,82.1429,100.0,89.2857,28,68.0,92.0,0.8
DT-FedDQL,1,1340,R5,stable state after orchestration,21.9022,21.6439,43.5461,0.7205,0.8256,0.8709,1.0,67.8571,100.0,92.8571,28,68.0,92.0,0.8
DT-FedDQL,1,1350,R5,stable state after orchestration,19.6564,21.7956,41.4521,0.7404,0.8562,0.8659,1.0,57.1429,0.0,92.8571,28,68.0,92.0,0.8
DT-FedDQL,1,1360,R5,stable state after orchestration,22.7712,24.5871,47.3584,0.6519,0.7573,0.8609,1.0,89.2857,100.0,96.4286,28,68.0,92.0,0.8
DT-FedDQL,1,1370,R5,stable state after orchestration,22.1665,22.3296,44.496,0.715,0.8275,0.864,1.0,71.4286,0.0,96.4286,28,68.0,92.0,0.8
DT-FedDQL,1,1380,R5,stable state after orchestration,21.6355,22.5631,44.1986,0.7146,0.8261,0.864,1.0,78.5714,100.0,92.8571,28,68.0,92.0,0.8
DT-FedDQL,1,1390,R5,stable state after orchestration,24.4978,20.6543,45.1521,0.6928,0.7881,0.876,1.0,82.1429,100.0,85.7143,28,68.0,92.0,0.8
DT-FedDQL,1,1400,R5,stable state after orchestration,24.1319,21.068,45.1999,0.6876,0.7881,0.8728,1.0,78.5714,50.0,92.8571,28,68.0,92.0,0.8
DT-FedDQL,1,1410,R5,stable state after orchestration,21.5706,21.8114,43.382,0.704,0.807,0.8709,1.0,78.5714,100.0,92.8571,28,68.0,92.0,0.8
DT-FedDQL,1,1420,R5,stable state after orchestration,22.4681,21.7984,44.2665,0.6999,0.798,0.8779,1.0,82.1429,100.0,89.2857,28,68.0,92.0,0.8
DT-FedDQL,1,1430,R5,stable state after orchestration,21.9052,23.9258,45.8311,0.6703,0.7695,0.8691,1.0,85.7143,100.0,92.8571,28,68.0,92.0,0.8
DT-FedDQL,1,1440,R5,stable state after orchestration,21.8326,23.1673,44.9999,0.6962,0.809,0.8609,1.0,82.1429,100.0,100.0,28,68.0,92.0,0.8
DT-FedDQL,1,1450,R5,stable state after orchestration,21.4494,22.2605,43.7099,0.7202,0.8332,0.864,1.0,75.0,100.0,96.4286,28,68.0,92.0,0.8
DT-FedDQL,1,1460,R5,stable state after orchestration,21.0812,22.728,43.8092,0.7148,0.8251,0.8659,1.0,82.1429,100.0,92.8571,28,68.0,92.0,0.8
DT-FedDQL,1,1470,R5,stable state after orchestration,22.3139,22.1701,44.4839,0.7075,0.8223,0.8609,1.0,71.4286,100.0,100.0,28,68.0,92.0,0.8
DT-FedDQL,1,1480,R5,stable state after orchestration,22.9451,22.5271,45.4723,0.6749,0.7807,0.864,1.0,89.2857,100.0,89.2857,28,68.0,92.0,0.8
DT-FedDQL,1,1490,R5,stable state after orchestration,22.9942,23.3246,46.3188,0.6694,0.771,0.8697,1.0,89.2857,100.0,96.4286,28,68.0,92.0,0.8
DT-FedDQL,1,1500,R5,stable state after orchestration,21.0223,22.9664,43.9887,0.7137,0.825,0.864,1.0,78.5714,100.0,92.8571,28,68.0,92.0,0.8
No-DT-FedDQL,0,0,R1,normal network and balanced edge load,13.7355,38.7093,52.4448,0.5921,0.6943,0.8504,1.0,92.8571,100.0,0.0,28,75.0,100.0,0.8
No-DT-FedDQL,0,10,R1,normal network and balanced edge load,14.7053,39.5575,54.2628,0.5703,0.661,0.8577,1.0,92.8571,50.0,0.0,28,75.0,100.0,0.8
No-DT-FedDQL,0,20,R1,normal network and balanced edge load,14.3059,40.531,54.8369,0.5587,0.6464,0.8614,1.0,96.4286,100.0,0.0,28,75.0,100.0,0.8
No-DT-FedDQL,0,30,R1,normal network and balanced edge load,12.8695,38.4531,51.3226,0.6076,0.7049,0.8577,1.0,89.2857,100.0,0.0,28,75.0,100.0,0.8
No-DT-FedDQL,0,40,R1,normal network and balanced edge load,13.4613,35.7434,49.2047,0.6404,0.7253,0.8738,1.0,82.1429,100.0,0.0,28,75.0,100.0,0.8
No-DT-FedDQL,0,50,R1,normal network and balanced edge load,13.3531,39.3398,52.6929,0.5952,0.684,0.8631,1.0,89.2857,100.0,0.0,28,75.0,100.0,0.8
No-DT-FedDQL,0,60,R1,normal network and balanced edge load,13.1822,43.9687,57.1509,0.5388,0.6348,0.8488,1.0,100.0,100.0,0.0,28,75.0,100.0,0.8
No-DT-FedDQL,0,70,R1,normal network and balanced edge load,14.2631,39.1868,53.4499,0.584,0.6759,0.8595,1.0,92.8571,100.0,0.0,28,75.0,100.0,0.8
No-DT-FedDQL,0,80,R1,normal network and balanced edge load,14.3508,40.3083,54.659,0.578,0.6713,0.8558,1.0,92.8571,100.0,0.0,28,75.0,100.0,0.8
No-DT-FedDQL,0,90,R1,normal network and balanced edge load,14.2699,42.2418,56.5118,0.5482,0.6478,0.8469,1.0,100.0,100.0,0.0,28,75.0,100.0,0.8
No-DT-FedDQL,0,100,R1,normal network and balanced edge load,12.7324,42.7699,55.5024,0.5589,0.6511,0.856,1.0,96.4286,100.0,0.0,28,75.0,100.0,0.8
No-DT-FedDQL,0,110,R1,normal network and balanced edge load,14.3153,39.4615,53.7768,0.5796,0.6789,0.8523,1.0,92.8571,100.0,0.0,28,75.0,100.0,0.8
No-DT-FedDQL,0,120,R1,normal network and balanced edge load,13.6986,43.8655,57.5641,0.5437,0.6359,0.8523,1.0,96.4286,100.0,0.0,28,75.0,100.0,0.8
No-DT-FedDQL,0,130,R1,normal network and balanced edge load,13.4999,43.1205,56.6203,0.5458,0.6435,0.8488,1.0,100.0,100.0,0.0,28,75.0,100.0,0.8
No-DT-FedDQL,0,140,R1,normal network and balanced edge load,14.6347,40.813,55.4477,0.5556,0.6499,0.8523,1.0,96.4286,100.0,0.0,28,75.0,100.0,0.8
No-DT-FedDQL,0,150,R1,normal network and balanced edge load,13.4771,39.1504,52.6275,0.596,0.6926,0.8558,1.0,89.2857,100.0,0.0,28,75.0,100.0,0.8
No-DT-FedDQL,0,160,R1,normal network and balanced edge load,14.6772,36.726,51.4033,0.5983,0.6852,0.8668,1.0,89.2857,100.0,0.0,28,75.0,100.0,0.8
No-DT-FedDQL,0,170,R1,normal network and balanced edge load,12.3602,39.7698,52.13,0.5895,0.6874,0.856,1.0,92.8571,100.0,0.0,28,75.0,100.0,0.8
No-DT-FedDQL,0,180,R1,normal network and balanced edge load,14.2814,40.5174,54.7989,0.5653,0.6605,0.8541,1.0,92.8571,100.0,0.0,28,75.0,100.0,0.8
No-DT-FedDQL,0,190,R1,normal network and balanced edge load,13.7046,42.3048,56.0094,0.5504,0.6476,0.8506,1.0,100.0,100.0,0.0,28,75.0,100.0,0.8
No-DT-FedDQL,0,200,R1,normal network and balanced edge load,13.5883,43.105,56.6933,0.5607,0.6484,0.8595,1.0,92.8571,100.0,0.0,28,75.0,100.0,0.8
No-DT-FedDQL,0,210,R1,normal network and balanced edge load,12.7191,43.9562,56.6753,0.5564,0.6556,0.8487,1.0,96.4286,100.0,0.0,28,75.0,100.0,0.8
No-DT-FedDQL,0,220,R1,normal network and balanced edge load,15.4193,42.1167,57.536,0.5391,0.6292,0.8541,1.0,96.4286,100.0,0.0,28,75.0,100.0,0.8
No-DT-FedDQL,0,230,R1,normal network and balanced edge load,13.5511,42.1937,55.7448,0.5585,0.661,0.845,1.0,96.4286,100.0,0.0,28,75.0,100.0,0.8
No-DT-FedDQL,0,240,R1,normal network and balanced edge load,13.4734,41.6579,55.1313,0.5469,0.6459,0.8469,1.0,100.0,100.0,0.0,28,75.0,100.0,0.8
No-DT-FedDQL,0,250,R1,normal network and balanced edge load,14.1327,40.1525,54.2851,0.5785,0.6782,0.8504,1.0,92.8571,100.0,0.0,28,75.0,100.0,0.8
No-DT-FedDQL,0,260,R1,normal network and balanced edge load,13.9764,42.0813,56.0577,0.5493,0.6464,0.8506,1.0,100.0,100.0,0.0,28,75.0,100.0,0.8
No-DT-FedDQL,0,270,R1,normal network and balanced edge load,14.1717,39.2299,53.4016,0.583,0.6745,0.8595,1.0,89.2857,100.0,0.0,28,75.0,100.0,0.8
No-DT-FedDQL,0,280,R1,normal network and balanced edge load,15.2505,41.6443,56.8948,0.5428,0.636,0.8504,1.0,96.4286,100.0,0.0,28,75.0,100.0,0.8
No-DT-FedDQL,0,290,R1,normal network and balanced edge load,13.4897,42.9292,56.4189,0.5461,0.6436,0.8487,1.0,100.0,100.0,0.0,28,75.0,100.0,0.8
No-DT-FedDQL,0,300,R2,network latency degradation,71.7805,44.564,116.3445,0.2225,0.3082,0.781,0.92,100.0,100.0,0.0,28,16.0,34.0,0.82
No-DT-FedDQL,0,310,R2,network latency degradation,81.5178,42.0012,123.5191,0.2107,0.2947,0.7689,0.92,100.0,100.0,0.0,28,16.0,34.0,0.82
No-DT-FedDQL,0,320,R2,network latency degradation,84.0869,46.1929,130.2798,0.201,0.2851,0.7552,0.92,100.0,100.0,0.0,28,16.0,34.0,0.82
No-DT-FedDQL,0,330,R2,network latency degradation,73.1278,45.4383,118.5661,0.2194,0.3042,0.781,0.92,100.0,100.0,0.0,28,16.0,34.0,0.82
No-DT-FedDQL,0,340,R2,network latency degradation,78.0897,47.1635,125.2532,0.2004,0.2822,0.7701,0.92,100.0,100.0,0.0,28,16.0,34.0,0.82
No-DT-FedDQL,0,350,R2,network latency degradation,76.7536,42.7064,119.46,0.2211,0.3053,0.7801,0.92,100.0,100.0,0.0,28,16.0,34.0,0.82
No-DT-FedDQL,0,360,R2,network latency degradation,72.516,45.2095,117.7255,0.2196,0.3008,0.7862,0.92,100.0,100.0,0.0,28,16.0,34.0,0.82
No-DT-FedDQL,0,370,R2,network latency degradation,81.6333,46.3674,128.0007,0.2043,0.2921,0.7526,0.92,100.0,100.0,0.0,28,16.0,34.0,0.82
No-DT-FedDQL,0,380,R2,network latency degradation,77.3729,44.6093,121.9821,0.213,0.3009,0.7649,0.92,100.0,100.0,0.0,28,16.0,34.0,0.82
No-DT-FedDQL,0,390,R2,network latency degradation,72.3625,45.9798,118.3423,0.2276,0.3164,0.7752,0.92,100.0,100.0,0.0,28,16.0,34.0,0.82
No-DT-FedDQL,0,400,R2,network latency degradation,83.1591,43.696,126.855,0.2006,0.2837,0.7652,0.92,100.0,100.0,0.0,28,16.0,34.0,0.82
No-DT-FedDQL,0,410,R2,network latency degradation,83.4276,48.7875,132.2151,0.1924,0.2745,0.7574,0.92,100.0,100.0,0.0,28,16.0,34.0,0.82
No-DT-FedDQL,0,420,R2,network latency degradation,76.4278,44.249,120.6768,0.2163,0.3019,0.7744,0.92,100.0,100.0,0.0,28,16.0,34.0,0.82
No-DT-FedDQL,0,430,R2,network latency degradation,75.6859,42.7539,118.4398,0.2193,0.3051,0.7724,0.92,100.0,100.0,0.0,28,16.0,34.0,0.82
No-DT-FedDQL,0,440,R2,network latency degradation,81.3516,39.9784,121.33,0.2176,0.3018,0.7719,0.92,100.0,100.0,0.0,28,16.0,34.0,0.82
No-DT-FedDQL,0,450,R2,network latency degradation,72.8603,43.5064,116.3666,0.228,0.3157,0.7775,0.92,100.0,100.0,0.0,28,16.0,34.0,0.82
No-DT-FedDQL,0,460,R2,network latency degradation,76.4501,44.4223,120.8724,0.2154,0.3017,0.7707,0.92,100.0,100.0,0.0,28,16.0,34.0,0.82
No-DT-FedDQL,0,470,R2,network latency degradation,84.4142,46.2484,130.6626,0.1994,0.2821,0.7588,0.92,100.0,100.0,0.0,28,16.0,34.0,0.82
No-DT-FedDQL,0,480,R2,network latency degradation,82.1584,45.5517,127.7101,0.2014,0.2857,0.7613,0.92,100.0,100.0,0.0,28,16.0,34.0,0.82
No-DT-FedDQL,0,490,R2,network latency degradation,80.1232,44.8721,124.9953,0.2002,0.2828,0.7652,0.92,100.0,100.0,0.0,28,16.0,34.0,0.82
No-DT-FedDQL,0,500,R2,network latency degradation,79.844,43.8386,123.6826,0.2036,0.2849,0.7716,0.92,100.0,100.0,0.0,28,16.0,34.0,0.82
No-DT-FedDQL,0,510,R2,network latency degradation,79.9418,45.8317,125.7735,0.203,0.2865,0.7631,0.92,100.0,100.0,0.0,28,16.0,34.0,0.82
No-DT-FedDQL,0,520,R2,network latency degradation,80.8682,42.8119,123.6801,0.2069,0.2905,0.7698,0.92,100.0,100.0,0.0,28,16.0,34.0,0.82
No-DT-FedDQL,0,530,R2,network latency degradation,85.3588,46.8692,132.228,0.1874,0.2704,0.75,0.92,100.0,100.0,0.0,28,16.0,34.0,0.82
No-DT-FedDQL,0,540,R2,network latency degradation,72.062,46.3658,118.4278,0.2285,0.3201,0.7685,0.92,100.0,100.0,0.0,28,16.0,34.0,0.82
No-DT-FedDQL,0,550,R2,network latency degradation,79.5187,44.3019,123.8207,0.2082,0.2935,0.766,0.92,100.0,100.0,0.0,28,16.0,34.0,0.82
No-DT-FedDQL,0,560,R2,network latency degradation,80.7343,44.5158,125.2501,0.2043,0.2893,0.7628,0.92,100.0,100.0,0.0,28,16.0,34.0,0.82
No-DT-FedDQL,0,570,R2,network latency degradation,78.7294,45.424,124.1533,0.2047,0.2885,0.7653,0.92,100.0,100.0,0.0,28,16.0,34.0,0.82
No-DT-FedDQL,0,580,R2,network latency degradation,88.4765,43.481,131.9574,0.1873,0.2698,0.7527,0.92,100.0,100.0,0.0,28,16.0,34.0,0.82
No-DT-FedDQL,0,590,R2,network latency degradation,75.3122,45.1633,120.4755,0.2178,0.3054,0.7711,0.92,100.0,100.0,0.0,28,16.0,34.0,0.82
No-DT-FedDQL,0,600,R3,without digital-twin recovery,52.036,45.8241,97.8601,0.2764,0.3842,0.8045,0.88,96.4286,100.0,0.0,28,34.0,56.0,0.8
No-DT-FedDQL,0,610,R3,without digital-twin recovery,53.7498,51.0348,104.7846,0.2468,0.3549,0.7866,0.88,100.0,100.0,0.0,28,34.0,56.0,0.8
No-DT-FedDQL,0,620,R3,without digital-twin recovery,48.5163,49.2145,97.7308,0.2619,0.3701,0.803,0.88,100.0,100.0,0.0,28,34.0,56.0,0.8
No-DT-FedDQL,0,630,R3,without digital-twin recovery,47.8304,46.425,94.2554,0.2804,0.3893,0.8113,0.88,100.0,100.0,0.0,28,34.0,56.0,0.8
No-DT-FedDQL,0,640,R3,without digital-twin recovery,53.836,50.8634,104.6994,0.2403,0.3395,0.8023,0.88,100.0,100.0,0.0,28,34.0,56.0,0.8
No-DT-FedDQL,0,650,R3,without digital-twin recovery,49.6527,51.9747,101.6273,0.2559,0.3626,0.7986,0.88,100.0,100.0,0.0,28,34.0,56.0,0.8
No-DT-FedDQL,0,660,R3,without digital-twin recovery,55.5825,49.7105,105.293,0.2448,0.3532,0.7837,0.88,100.0,100.0,0.0,28,34.0,56.0,0.8
No-DT-FedDQL,0,670,R3,without digital-twin recovery,53.945,47.5965,101.5414,0.2553,0.3619,0.7988,0.88,100.0,100.0,0.0,28,34.0,56.0,0.8
No-DT-FedDQL,0,680,R3,without digital-twin recovery,56.075,49.7382,105.8132,0.2395,0.34,0.7964,0.88,100.0,100.0,0.0,28,34.0,56.0,0.8
No-DT-FedDQL,0,690,R3,without digital-twin recovery,52.2037,49.941,102.1447,0.2516,0.3615,0.7876,0.88,100.0,100.0,0.0,28,34.0,56.0,0.8
No-DT-FedDQL,0,700,R3,without digital-twin recovery,52.9165,47.9323,100.8488,0.2551,0.3578,0.8055,0.88,100.0,100.0,0.0,28,34.0,56.0,0.8
No-DT-FedDQL,0,710,R3,without digital-twin recovery,52.721,52.5163,105.2373,0.2386,0.3422,0.7911,0.88,100.0,100.0,0.0,28,34.0,56.0,0.8
No-DT-FedDQL,0,720,R3,without digital-twin recovery,53.5556,50.834,104.3895,0.2476,0.3559,0.7878,0.88,100.0,100.0,0.0,28,34.0,56.0,0.8
No-DT-FedDQL,0,730,R3,without digital-twin recovery,55.551,49.1481,104.6991,0.2504,0.3601,0.7864,0.88,100.0,100.0,0.0,28,34.0,56.0,0.8
No-DT-FedDQL,0,740,R3,without digital-twin recovery,51.1417,51.6897,102.8314,0.2488,0.3566,0.7906,0.88,100.0,100.0,0.0,28,34.0,56.0,0.8
No-DT-FedDQL,0,750,R3,without digital-twin recovery,57.3,50.2694,107.5694,0.2404,0.3474,0.7833,0.88,100.0,100.0,0.0,28,34.0,56.0,0.8
No-DT-FedDQL,0,760,R3,without digital-twin recovery,61.1224,46.897,108.0193,0.2348,0.3335,0.7952,0.88,100.0,100.0,0.0,28,34.0,56.0,0.8
No-DT-FedDQL,0,770,R3,without digital-twin recovery,60.261,47.6015,107.8625,0.2335,0.3306,0.7975,0.88,100.0,100.0,0.0,28,34.0,56.0,0.8
No-DT-FedDQL,0,780,R3,without digital-twin recovery,52.8926,45.6786,98.5712,0.2582,0.3612,0.8091,0.88,100.0,100.0,0.0,28,34.0,56.0,0.8
No-DT-FedDQL,0,790,R3,without digital-twin recovery,53.5483,50.1415,103.6898,0.2455,0.3507,0.7936,0.88,100.0,100.0,0.0,28,34.0,56.0,0.8
No-DT-FedDQL,0,800,R3,without digital-twin recovery,54.7306,49.6546,104.3851,0.2469,0.3529,0.7925,0.88,100.0,100.0,0.0,28,34.0,56.0,0.8
No-DT-FedDQL,0,810,R3,without digital-twin recovery,48.4509,48.8092,97.2601,0.2672,0.3782,0.8014,0.88,100.0,100.0,0.0,28,34.0,56.0,0.8
No-DT-FedDQL,0,820,R3,without digital-twin recovery,51.4266,49.5918,101.0184,0.2538,0.3618,0.7967,0.88,100.0,100.0,0.0,28,34.0,56.0,0.8
No-DT-FedDQL,0,830,R3,without digital-twin recovery,50.4511,52.3022,102.7534,0.2543,0.3639,0.7915,0.88,100.0,100.0,0.0,28,34.0,56.0,0.8
No-DT-FedDQL,0,840,R3,without digital-twin recovery,49.836,51.1296,100.9656,0.2562,0.3668,0.7913,0.88,100.0,100.0,0.0,28,34.0,56.0,0.8
No-DT-FedDQL,0,850,R3,without digital-twin recovery,50.1,48.0294,98.1294,0.2649,0.3722,0.8032,0.88,100.0,100.0,0.0,28,34.0,56.0,0.8
No-DT-FedDQL,0,860,R3,without digital-twin recovery,53.4117,46.6105,100.0222,0.2617,0.3709,0.7961,0.88,100.0,100.0,0.0,28,34.0,56.0,0.8
No-DT-FedDQL,0,870,R3,without digital-twin recovery,55.372,51.7162,107.0882,0.2359,0.3387,0.7895,0.88,100.0,100.0,0.0,28,34.0,56.0,0.8
No-DT-FedDQL,0,880,R3,without digital-twin recovery,55.535,49.6542,105.1892,0.2482,0.3586,0.7819,0.88,100.0,100.0,0.0,28,34.0,56.0,0.8
No-DT-FedDQL,0,890,R3,without digital-twin recovery,51.4268,54.6439,106.0707,0.2456,0.3533,0.7865,0.88,100.0,100.0,0.0,28,34.0,56.0,0.8
No-DT-FedDQL,0,900,R4,edge overload and resource contention,35.8602,73.3007,109.1609,0.191,0.33,0.7752,0.74,100.0,100.0,0.0,28,38.0,58.0,0.84
No-DT-FedDQL,0,910,R4,edge overload and resource contention,33.1311,78.2517,111.3828,0.1906,0.3335,0.7643,0.74,100.0,100.0,0.0,28,38.0,58.0,0.84
No-DT-FedDQL,0,920,R4,edge overload and resource contention,34.5452,77.3728,111.918,0.183,0.3229,0.7609,0.74,100.0,100.0,0.0,28,38.0,58.0,0.84
No-DT-FedDQL,0,930,R4,edge overload and resource contention,36.0694,83.723,119.7925,0.1706,0.3052,0.7556,0.74,100.0,100.0,0.0,28,38.0,58.0,0.84
No-DT-FedDQL,0,940,R4,edge overload and resource contention,33.0449,76.8604,109.9053,0.1882,0.3293,0.768,0.74,100.0,50.0,0.0,28,38.0,58.0,0.84
No-DT-FedDQL,0,950,R4,edge overload and resource contention,33.7922,79.6742,113.4664,0.1862,0.3247,0.7678,0.74,100.0,100.0,0.0,28,38.0,58.0,0.84
No-DT-FedDQL,0,960,R4,edge overload and resource contention,39.9103,75.1007,115.011,0.1847,0.3236,0.7631,0.74,100.0,100.0,0.0,28,38.0,58.0,0.84
No-DT-FedDQL,0,970,R4,edge overload and resource contention,35.072,79.7399,114.812,0.1801,0.3179,0.7608,0.74,100.0,100.0,0.0,28,38.0,58.0,0.84
No-DT-FedDQL,0,980,R4,edge overload and resource contention,33.4152,81.4,114.8152,0.1796,0.3222,0.7529,0.74,100.0,100.0,0.0,28,38.0,58.0,0.84
No-DT-FedDQL,0,990,R4,edge overload and resource contention,39.2066,75.0379,114.2445,0.1771,0.3136,0.7636,0.74,100.0,100.0,0.0,28,38.0,58.0,0.84
No-DT-FedDQL,0,1000,R4,edge overload and resource contention,37.6803,79.9379,117.6182,0.1824,0.321,0.759,0.74,100.0,100.0,0.0,28,38.0,58.0,0.84
No-DT-FedDQL,0,1010,R4,edge overload and resource contention,34.148,78.5304,112.6783,0.1869,0.3272,0.7658,0.74,100.0,100.0,0.0,28,38.0,58.0,0.84
No-DT-FedDQL,0,1020,R4,edge overload and resource contention,32.6744,78.7965,111.4709,0.186,0.3289,0.76,0.74,100.0,100.0,0.0,28,38.0,58.0,0.84
No-DT-FedDQL,0,1030,R4,edge overload and resource contention,33.3958,83.3799,116.7756,0.1738,0.3102,0.7571,0.74,100.0,100.0,0.0,28,38.0,58.0,0.84
No-DT-FedDQL,0,1040,R4,edge overload and resource contention,40.1014,84.0221,124.1235,0.1638,0.2921,0.7578,0.74,100.0,100.0,0.0,28,38.0,58.0,0.84
No-DT-FedDQL,0,1050,R4,edge overload and resource contention,32.5287,78.2441,110.7727,0.1838,0.3289,0.7551,0.74,100.0,100.0,0.0,28,38.0,58.0,0.84
No-DT-FedDQL,0,1060,R4,edge overload and resource contention,37.9402,80.5992,118.5393,0.1727,0.3103,0.7519,0.74,100.0,100.0,0.0,28,38.0,58.0,0.84
No-DT-FedDQL,0,1070,R4,edge overload and resource contention,35.8145,80.5585,116.3729,0.1747,0.3111,0.7594,0.74,100.0,100.0,0.0,28,38.0,58.0,0.84
No-DT-FedDQL,0,1080,R4,edge overload and resource contention,36.3784,75.5363,111.9147,0.1965,0.3393,0.7707,0.74,100.0,100.0,0.0,28,38.0,58.0,0.84
No-DT-FedDQL,0,1090,R4,edge overload and resource contention,35.8667,77.9343,113.801,0.183,0.3259,0.757,0.74,100.0,100.0,0.0,28,38.0,58.0,0.84
No-DT-FedDQL,0,1100,R4,edge overload and resource contention,35.7091,77.5928,113.3019,0.1867,0.3235,0.7687,0.74,100.0,100.0,0.0,28,38.0,58.0,0.84
No-DT-FedDQL,0,1110,R4,edge overload and resource contention,37.2981,82.2822,119.5803,0.17,0.3038,0.7568,0.74,100.0,100.0,0.0,28,38.0,58.0,0.84
No-DT-FedDQL,0,1120,R4,edge overload and resource contention,32.0097,82.4738,114.4835,0.178,0.3186,0.7556,0.74,100.0,100.0,0.0,28,38.0,58.0,0.84
No-DT-FedDQL,0,1130,R4,edge overload and resource contention,36.4088,83.2897,119.6986,0.1706,0.3054,0.755,0.74,100.0,100.0,0.0,28,38.0,58.0,0.84
No-DT-FedDQL,0,1140,R4,edge overload and resource contention,38.0222,83.7286,121.7508,0.1707,0.3014,0.7619,0.74,100.0,100.0,0.0,28,38.0,58.0,0.84
No-DT-FedDQL,0,1150,R4,edge overload and resource contention,35.2129,82.0006,117.2136,0.1747,0.3123,0.7564,0.74,100.0,100.0,0.0,28,38.0,58.0,0.84
No-DT-FedDQL,0,1160,R4,edge overload and resource contention,36.9844,79.5028,116.4872,0.1748,0.3119,0.7577,0.74,100.0,100.0,0.0,28,38.0,58.0,0.84
No-DT-FedDQL,0,1170,R4,edge overload and resource contention,33.1687,73.721,106.8897,0.1952,0.3398,0.7702,0.74,100.0,100.0,0.0,28,38.0,58.0,0.84
No-DT-FedDQL,0,1180,R4,edge overload and resource contention,34.2821,79.7174,113.9995,0.1799,0.3192,0.7585,0.74,100.0,100.0,0.0,28,38.0,58.0,0.84
No-DT-FedDQL,0,1190,R4,edge overload and resource contention,36.1841,81.08,117.2641,0.1786,0.3153,0.76,0.74,100.0,100.0,0.0,28,38.0,58.0,0.84
No-DT-FedDQL,0,1200,R5,partial stabilization without orchestration,33.443,48.4322,81.8752,0.3419,0.456,0.8253,0.9,100.0,100.0,0.0,28,46.0,70.0,0.8
No-DT-FedDQL,0,1210,R5,partial stabilization without orchestration,29.9777,53.611,83.5886,0.3269,0.438,0.8227,0.9,96.4286,100.0,0.0,28,46.0,70.0,0.8
No-DT-FedDQL,0,1220,R5,partial stabilization without orchestration,32.5258,49.7482,82.274,0.3266,0.4395,0.8226,0.9,100.0,100.0,0.0,28,46.0,70.0,0.8
No-DT-FedDQL,0,1230,R5,partial stabilization without orchestration,33.6679,53.3238,86.9917,0.3088,0.4227,0.8119,0.9,100.0,100.0,0.0,28,46.0,70.0,0.8
No-DT-FedDQL,0,1240,R5,partial stabilization without orchestration,34.2861,53.7347,88.0208,0.304,0.4157,0.8133,0.9,100.0,100.0,0.0,28,46.0,70.0,0.8
No-DT-FedDQL,0,1250,R5,partial stabilization without orchestration,33.6523,51.6504,85.3028,0.3138,0.4267,0.8167,0.9,100.0,100.0,0.0,28,46.0,70.0,0.8
No-DT-FedDQL,0,1260,R5,partial stabilization without orchestration,35.5421,51.2223,86.7645,0.3073,0.4208,0.8116,0.9,100.0,100.0,0.0,28,46.0,70.0,0.8
No-DT-FedDQL,0,1270,R5,partial stabilization without orchestration,33.3768,50.9735,84.3503,0.3182,0.4305,0.8204,0.9,100.0,100.0,0.0,28,46.0,70.0,0.8
No-DT-FedDQL,0,1280,R5,partial stabilization without orchestration,35.4261,46.3479,81.774,0.3289,0.4368,0.8313,0.9,100.0,100.0,0.0,28,46.0,70.0,0.8
No-DT-FedDQL,0,1290,R5,partial stabilization without orchestration,33.1528,46.0995,79.2523,0.3398,0.4517,0.8321,0.9,100.0,100.0,0.0,28,46.0,70.0,0.8
No-DT-FedDQL,0,1300,R5,partial stabilization without orchestration,30.5683,55.2023,85.7706,0.311,0.4252,0.813,0.9,100.0,100.0,0.0,28,46.0,70.0,0.8
No-DT-FedDQL,0,1310,R5,partial stabilization without orchestration,32.9063,52.1209,85.0272,0.3193,0.432,0.8185,0.9,100.0,100.0,0.0,28,46.0,70.0,0.8
No-DT-FedDQL,0,1320,R5,partial stabilization without orchestration,33.9092,49.745,83.6542,0.3241,0.4371,0.8191,0.9,100.0,100.0,0.0,28,46.0,70.0,0.8
No-DT-FedDQL,0,1330,R5,partial stabilization without orchestration,37.3753,48.7245,86.0998,0.3161,0.4208,0.8288,0.9,100.0,100.0,0.0,28,46.0,70.0,0.8
No-DT-FedDQL,0,1340,R5,partial stabilization without orchestration,33.8044,51.0723,84.8767,0.3336,0.4452,0.8215,0.9,96.4286,100.0,0.0,28,46.0,70.0,0.8
No-DT-FedDQL,0,1350,R5,partial stabilization without orchestration,29.3128,50.7224,80.0352,0.3363,0.4568,0.8171,0.9,100.0,100.0,0.0,28,46.0,70.0,0.8
No-DT-FedDQL,0,1360,R5,partial stabilization without orchestration,35.5425,56.7154,92.2579,0.2906,0.3982,0.811,0.9,100.0,100.0,0.0,28,46.0,70.0,0.8
No-DT-FedDQL,0,1370,R5,partial stabilization without orchestration,34.3329,54.3017,88.6346,0.307,0.417,0.8151,0.9,100.0,100.0,0.0,28,46.0,70.0,0.8
No-DT-FedDQL,0,1380,R5,partial stabilization without orchestration,33.2711,52.3361,85.6072,0.3173,0.4304,0.8152,0.9,100.0,100.0,0.0,28,46.0,70.0,0.8
No-DT-FedDQL,0,1390,R5,partial stabilization without orchestration,38.9956,48.0022,86.9978,0.3146,0.4176,0.8278,0.9,100.0,100.0,0.0,28,46.0,70.0,0.8
No-DT-FedDQL,0,1400,R5,partial stabilization without orchestration,38.2638,49.1027,87.3665,0.3069,0.4128,0.8235,0.9,100.0,100.0,0.0,28,46.0,70.0,0.8
No-DT-FedDQL,0,1410,R5,partial stabilization without orchestration,33.1413,50.5276,83.6688,0.3221,0.4308,0.8223,0.9,100.0,100.0,0.0,28,46.0,70.0,0.8
No-DT-FedDQL,0,1420,R5,partial stabilization without orchestration,34.9362,50.7248,85.661,0.3164,0.4217,0.8293,0.9,100.0,100.0,0.0,28,46.0,70.0,0.8
No-DT-FedDQL,0,1430,R5,partial stabilization without orchestration,33.8105,57.8797,91.6901,0.2982,0.4008,0.8206,0.9,100.0,100.0,0.0,28,46.0,70.0,0.8
No-DT-FedDQL,0,1440,R5,partial stabilization without orchestration,33.6653,54.0293,87.6946,0.3066,0.4201,0.811,0.9,100.0,100.0,0.0,28,46.0,70.0,0.8
No-DT-FedDQL,0,1450,R5,partial stabilization without orchestration,32.8988,53.7697,86.6685,0.3147,0.4272,0.8151,0.9,100.0,100.0,0.0,28,46.0,70.0,0.8
No-DT-FedDQL,0,1460,R5,partial stabilization without orchestration,32.1624,50.5846,82.747,0.3368,0.4555,0.817,0.9,100.0,100.0,0.0,28,46.0,70.0,0.8
No-DT-FedDQL,0,1470,R5,partial stabilization without orchestration,34.6278,52.8387,87.4665,0.308,0.4219,0.8111,0.9,100.0,100.0,0.0,28,46.0,70.0,0.8
No-DT-FedDQL,0,1480,R5,partial stabilization without orchestration,35.8903,53.1426,89.0328,0.3078,0.4185,0.8154,0.9,100.0,100.0,0.0,28,46.0,70.0,0.8
No-DT-FedDQL,0,1490,R5,partial stabilization without orchestration,35.9885,51.4596,87.4481,0.3023,0.4097,0.8199,0.9,100.0,100.0,0.0,28,46.0,70.0,0.8
No-DT-FedDQL,0,1500,R5,partial stabilization without orchestration,32.0445,50.2523,82.2969,0.3338,0.4526,0.8153,0.9,100.0,100.0,0.0,28,46.0,70.0,0.8
