algorithm,epoch,tier,node,workload,dt_count,compute_time_ms,timeliness,dtt_score,cpu_utilization,bandwidth_utilization,availability,node_status_code,node_status
DT-FedDQL,R5,Terminal,terminal-1,heavy,25,38.2224,0.6379,0.5945,54.15,8.8952,1.0,1,degraded
DT-FedDQL,R5,Terminal,terminal-1,heavy,50,46.4399,0.6379,0.5945,60.15,13.3952,1.0,1,degraded
DT-FedDQL,R5,Terminal,terminal-1,heavy,75,54.6573,0.5979,0.5826,66.15,17.8952,0.98,1,degraded
DT-FedDQL,R5,Terminal,terminal-1,stringent,25,7.7094,0.8402,0.7296,48.93,8.8952,1.0,1,degraded
DT-FedDQL,R5,Terminal,terminal-1,stringent,50,9.214,0.8402,0.7296,54.93,13.3952,1.0,1,degraded
DT-FedDQL,R5,Terminal,terminal-1,stringent,75,10.7186,0.8002,0.715,60.93,17.8952,0.98,1,degraded
DT-FedDQL,R5,Terminal,terminal-2,heavy,25,43.6035,0.6114,0.5697,59.91,10.4934,1.0,1,degraded
DT-FedDQL,R5,Terminal,terminal-2,heavy,50,52.9352,0.6114,0.5697,65.91,14.9934,1.0,1,degraded
DT-FedDQL,R5,Terminal,terminal-2,heavy,75,62.2669,0.5714,0.5583,71.91,19.4934,0.98,1,degraded
DT-FedDQL,R5,Terminal,terminal-2,stringent,25,8.9532,0.8052,0.6992,54.69,10.4934,1.0,1,degraded
DT-FedDQL,R5,Terminal,terminal-2,stringent,50,10.6618,0.8052,0.6992,60.69,14.9934,1.0,1,degraded
DT-FedDQL,R5,Terminal,terminal-2,stringent,75,12.3704,0.7652,0.6852,66.69,19.4934,0.98,1,degraded
DT-FedDQL,R5,Terminal,terminal-3,heavy,25,40.5964,0.6247,0.5821,57.03,9.6943,1.0,1,degraded
DT-FedDQL,R5,Terminal,terminal-3,heavy,50,49.3014,0.6247,0.5821,63.03,14.1943,1.0,1,degraded
DT-FedDQL,R5,Terminal,terminal-3,heavy,75,58.0063,0.5847,0.5705,69.03,18.6943,0.98,1,degraded
DT-FedDQL,R5,Terminal,terminal-3,stringent,25,8.2733,0.8227,0.7144,51.81,9.6943,1.0,1,degraded
DT-FedDQL,R5,Terminal,terminal-3,stringent,50,9.8672,0.8227,0.7144,57.81,14.1943,1.0,1,degraded
DT-FedDQL,R5,Terminal,terminal-3,stringent,75,11.461,0.7827,0.7001,63.81,18.6943,0.98,1,degraded
DT-FedDQL,R5,Terminal,terminal-4,heavy,25,46.2941,0.5981,0.5573,62.79,11.2925,1.0,1,degraded
DT-FedDQL,R5,Terminal,terminal-4,heavy,50,56.1829,0.5981,0.5573,68.79,15.7925,1.0,1,degraded
DT-FedDQL,R5,Terminal,terminal-4,heavy,75,66.0717,0.5581,0.5462,74.79,20.2925,0.98,1,degraded
DT-FedDQL,R5,Terminal,terminal-4,stringent,25,9.5751,0.7877,0.684,57.57,11.2925,1.0,1,degraded
DT-FedDQL,R5,Terminal,terminal-4,stringent,50,11.3857,0.7877,0.684,63.57,15.7925,1.0,1,degraded
DT-FedDQL,R5,Terminal,terminal-4,stringent,75,13.1963,0.7477,0.6703,69.57,20.2925,0.98,1,degraded
DT-FedDQL,R5,Terminal,terminal-5,heavy,25,35.6109,0.6512,0.6069,51.27,8.4956,1.0,1,degraded
DT-FedDQL,R5,Terminal,terminal-5,heavy,50,43.2713,0.6512,0.6069,57.27,12.9956,1.0,1,degraded
DT-FedDQL,R5,Terminal,terminal-5,heavy,75,50.9316,0.6112,0.5947,63.27,17.4956,0.98,1,degraded
DT-FedDQL,R5,Terminal,terminal-5,stringent,25,7.1666,0.8577,0.7448,46.05,8.4956,1.0,1,degraded
DT-FedDQL,R5,Terminal,terminal-5,stringent,50,8.5692,0.8577,0.7448,52.05,12.9956,1.0,1,degraded
DT-FedDQL,R5,Terminal,terminal-5,stringent,75,9.9718,0.8177,0.7299,58.05,17.4956,0.98,1,degraded
DT-FedDQL,R5,Cloud,cloud-1,heavy,25,40.5161,0.6379,0.5945,68.55,30.0718,1.0,1,degraded
DT-FedDQL,R5,Cloud,cloud-1,heavy,50,48.3157,0.6379,0.5945,74.55,34.5718,1.0,1,degraded
DT-FedDQL,R5,Cloud,cloud-1,heavy,75,56.1154,0.5979,0.5826,80.55,39.0718,0.98,1,degraded
DT-FedDQL,R5,Cloud,cloud-1,stringent,25,11.5546,0.8402,0.7296,63.33,30.0718,1.0,1,degraded
DT-FedDQL,R5,Cloud,cloud-1,stringent,50,12.9827,0.8402,0.7296,69.33,34.5718,1.0,1,degraded
DT-FedDQL,R5,Cloud,cloud-1,stringent,75,14.4108,0.8002,0.715,75.33,39.0718,0.98,1,degraded
DT-FedDQL,R5,Edge,edge-1,heavy,25,28.9629,0.7044,0.6564,61.35,19.6833,1.0,2,healthy
DT-FedDQL,R5,Edge,edge-1,heavy,50,34.6733,0.7044,0.6564,67.35,24.1833,1.0,2,healthy
DT-FedDQL,R5,Edge,edge-1,heavy,75,40.3838,0.6644,0.6433,73.35,28.6833,0.98,2,healthy
DT-FedDQL,R5,Edge,edge-1,stringent,25,7.7589,0.9277,0.8056,56.13,19.6833,1.0,2,healthy
DT-FedDQL,R5,Edge,edge-1,stringent,50,8.8045,0.9277,0.8056,62.13,24.1833,1.0,2,healthy
DT-FedDQL,R5,Edge,edge-1,stringent,75,9.8501,0.8877,0.7895,68.13,28.6833,0.98,2,healthy
DT-FedDQL,R5,Edge,edge-2,heavy,25,33.0778,0.6778,0.6316,65.67,21.2815,1.0,1,degraded
DT-FedDQL,R5,Edge,edge-2,heavy,50,39.624,0.6778,0.6316,71.67,25.7815,1.0,1,degraded
DT-FedDQL,R5,Edge,edge-2,heavy,75,46.1701,0.6378,0.619,77.67,30.2815,0.98,1,degraded
DT-FedDQL,R5,Edge,edge-2,stringent,25,8.7709,0.8927,0.7752,60.45,21.2815,1.0,1,degraded
DT-FedDQL,R5,Edge,edge-2,stringent,50,9.9694,0.8927,0.7752,66.45,25.7815,1.0,1,degraded
DT-FedDQL,R5,Edge,edge-2,stringent,75,11.168,0.8527,0.7597,72.45,30.2815,0.98,1,degraded
DT-FedDQL,R5,Edge,edge-3,heavy,25,37.8259,0.6034,0.5543,74.31,22.8798,0.973,1,degraded
DT-FedDQL,R5,Edge,edge-3,heavy,50,45.347,0.6034,0.5543,80.31,27.3798,0.973,1,degraded
DT-FedDQL,R5,Edge,edge-3,heavy,75,52.868,0.5634,0.5429,86.31,31.8798,0.953,1,degraded
DT-FedDQL,R5,Edge,edge-3,stringent,25,9.8987,0.7972,0.6803,69.09,22.8798,0.973,1,degraded
DT-FedDQL,R5,Edge,edge-3,stringent,50,11.2758,0.7972,0.6803,75.09,27.3798,0.973,1,degraded
DT-FedDQL,R5,Edge,edge-3,stringent,75,12.6529,0.7572,0.6663,81.09,31.8798,0.953,1,degraded
DT-FedDQL,R5,On-premises,on-prem-1,heavy,25,49.2218,0.5382,0.4921,78.63,16.4868,0.946,1,degraded
DT-FedDQL,R5,On-premises,on-prem-1,heavy,50,59.5285,0.5382,0.4921,84.63,20.9868,0.946,1,degraded
DT-FedDQL,R5,On-premises,on-prem-1,heavy,75,69.8351,0.4982,0.4817,90.63,25.4868,0.926,1,degraded
DT-FedDQL,R5,On-premises,on-prem-1,stringent,25,10.9513,0.7152,0.6039,73.41,16.4868,0.946,1,degraded
DT-FedDQL,R5,On-premises,on-prem-1,stringent,50,12.8384,0.7152,0.6039,79.41,20.9868,0.946,1,degraded
DT-FedDQL,R5,On-premises,on-prem-1,stringent,75,14.7255,0.6752,0.5912,85.41,25.4868,0.926,1,degraded
DT-FedDQL,R5,Continuum,continuum-1,heavy,25,31.0995,0.6911,0.644,64.23,20.882,1.0,2,healthy
DT-FedDQL,R5,Continuum,continuum-1,heavy,50,37.2277,0.6911,0.644,70.23,25.382,1.0,2,healthy
DT-FedDQL,R5,Continuum,continuum-1,heavy,75,43.356,0.6511,0.6311,76.23,29.882,0.98,2,healthy
DT-FedDQL,R5,Continuum,continuum-1,stringent,25,8.344,0.9102,0.7904,59.01,20.882,1.0,2,healthy
DT-FedDQL,R5,Continuum,continuum-1,stringent,50,9.4661,0.9102,0.7904,65.01,25.382,1.0,2,healthy
DT-FedDQL,R5,Continuum,continuum-1,stringent,75,10.5882,0.8702,0.7746,71.01,29.882,0.98,2,healthy
No-DT-FedDQL,R5,Terminal,terminal-1,heavy,25,87.7404,0.3375,0.2413,54.15,11.2903,0.9,0,overloaded
No-DT-FedDQL,R5,Terminal,terminal-1,heavy,50,106.7475,0.3375,0.2413,60.15,15.7903,0.9,0,overloaded
No-DT-FedDQL,R5,Terminal,terminal-1,heavy,75,125.7546,0.2975,0.236,66.15,20.2903,0.88,0,overloaded
No-DT-FedDQL,R5,Terminal,terminal-1,stringent,25,17.1635,0.4445,0.2962,48.93,11.2903,0.9,0,overloaded
No-DT-FedDQL,R5,Terminal,terminal-1,stringent,50,20.6436,0.4445,0.2962,54.93,15.7903,0.9,0,overloaded
No-DT-FedDQL,R5,Terminal,terminal-1,stringent,75,24.1238,0.4045,0.2896,60.93,20.2903,0.88,0,overloaded
No-DT-FedDQL,R5,Terminal,terminal-2,heavy,25,99.944,0.3234,0.2313,59.91,13.7595,0.9,0,overloaded
No-DT-FedDQL,R5,Terminal,terminal-2,heavy,50,121.5284,0.3234,0.2313,65.91,18.2595,0.9,0,overloaded
No-DT-FedDQL,R5,Terminal,terminal-2,heavy,75,143.1127,0.2834,0.2261,71.91,22.7595,0.88,0,overloaded
No-DT-FedDQL,R5,Terminal,terminal-2,stringent,25,19.7973,0.426,0.2838,54.69,13.7595,0.9,0,overloaded
No-DT-FedDQL,R5,Terminal,terminal-2,stringent,50,23.7494,0.426,0.2838,60.69,18.2595,0.9,0,overloaded
No-DT-FedDQL,R5,Terminal,terminal-2,stringent,75,27.7014,0.386,0.2775,66.69,22.7595,0.88,0,overloaded
No-DT-FedDQL,R5,Terminal,terminal-3,heavy,25,93.1101,0.3304,0.2363,57.03,12.5249,0.9,0,overloaded
No-DT-FedDQL,R5,Terminal,terminal-3,heavy,50,113.2447,0.3304,0.2363,63.03,17.0249,0.9,0,overloaded
No-DT-FedDQL,R5,Terminal,terminal-3,heavy,75,133.3794,0.2904,0.231,69.03,21.5249,0.88,0,overloaded
No-DT-FedDQL,R5,Terminal,terminal-3,stringent,25,18.3463,0.4352,0.29,51.81,12.5249,0.9,0,overloaded
No-DT-FedDQL,R5,Terminal,terminal-3,stringent,50,22.033,0.4352,0.29,57.81,17.0249,0.9,0,overloaded
No-DT-FedDQL,R5,Terminal,terminal-3,stringent,75,25.7196,0.3952,0.2836,63.81,21.5249,0.88,0,overloaded
No-DT-FedDQL,R5,Terminal,terminal-4,heavy,25,106.0458,0.3164,0.2262,62.79,14.9941,0.9,0,overloaded
No-DT-FedDQL,R5,Terminal,terminal-4,heavy,50,128.9188,0.3164,0.2262,68.79,19.4941,0.9,0,overloaded
No-DT-FedDQL,R5,Terminal,terminal-4,heavy,75,151.7918,0.2764,0.2212,74.79,23.9941,0.88,0,overloaded
No-DT-FedDQL,R5,Terminal,terminal-4,stringent,25,21.1142,0.4167,0.2777,57.57,14.9941,0.9,0,overloaded
No-DT-FedDQL,R5,Terminal,terminal-4,stringent,50,25.3022,0.4167,0.2777,63.57,19.4941,0.9,0,overloaded
No-DT-FedDQL,R5,Terminal,terminal-4,stringent,75,29.4902,0.3767,0.2715,69.57,23.9941,0.88,0,overloaded
No-DT-FedDQL,R5,Terminal,terminal-5,heavy,25,81.7609,0.3445,0.2464,51.27,10.673,0.9,0,overloaded
No-DT-FedDQL,R5,Terminal,terminal-5,heavy,50,99.4793,0.3445,0.2464,57.27,15.173,0.9,0,overloaded
No-DT-FedDQL,R5,Terminal,terminal-5,heavy,75,117.1978,0.3045,0.2409,63.27,19.673,0.88,0,overloaded
No-DT-FedDQL,R5,Terminal,terminal-5,stringent,25,15.9688,0.4537,0.3023,46.05,10.673,0.9,0,overloaded
No-DT-FedDQL,R5,Terminal,terminal-5,stringent,50,19.213,0.4537,0.3023,52.05,15.173,0.9,0,overloaded
No-DT-FedDQL,R5,Terminal,terminal-5,stringent,75,22.4572,0.4137,0.2956,58.05,19.673,0.88,0,overloaded
No-DT-FedDQL,R5,Cloud,cloud-1,heavy,25,89.8254,0.3375,0.2413,68.55,44.0073,0.9,0,overloaded
No-DT-FedDQL,R5,Cloud,cloud-1,heavy,50,107.866,0.3375,0.2413,74.55,48.5073,0.9,0,overloaded
No-DT-FedDQL,R5,Cloud,cloud-1,heavy,75,125.9067,0.2975,0.236,80.55,53.0073,0.88,0,overloaded
No-DT-FedDQL,R5,Cloud,cloud-1,stringent,25,22.8371,0.4445,0.2962,63.33,44.0073,0.9,0,overloaded
No-DT-FedDQL,R5,Cloud,cloud-1,stringent,50,26.1403,0.4445,0.2962,69.33,48.5073,0.9,0,overloaded
No-DT-FedDQL,R5,Cloud,cloud-1,stringent,75,29.4435,0.4045,0.2896,75.33,53.0073,0.88,0,overloaded
No-DT-FedDQL,R5,Edge,edge-1,heavy,25,64.6824,0.3726,0.2665,61.35,27.9575,0.9,0,overloaded
No-DT-FedDQL,R5,Edge,edge-1,heavy,50,77.8908,0.3726,0.2665,67.35,32.4575,0.9,0,overloaded
No-DT-FedDQL,R5,Edge,edge-1,heavy,75,91.0991,0.3326,0.2605,73.35,36.9575,0.88,0,overloaded
No-DT-FedDQL,R5,Edge,edge-1,stringent,25,15.6374,0.4908,0.327,56.13,27.9575,0.9,0,overloaded
No-DT-FedDQL,R5,Edge,edge-1,stringent,50,18.0559,0.4908,0.327,62.13,32.4575,0.9,0,overloaded
No-DT-FedDQL,R5,Edge,edge-1,stringent,75,20.4743,0.4508,0.3198,68.13,36.9575,0.88,0,overloaded
No-DT-FedDQL,R5,Edge,edge-2,heavy,25,73.9574,0.3586,0.2564,65.67,30.4267,0.9,0,overloaded
No-DT-FedDQL,R5,Edge,edge-2,heavy,50,89.0986,0.3586,0.2564,71.67,34.9267,0.9,0,overloaded
No-DT-FedDQL,R5,Edge,edge-2,heavy,75,104.2399,0.3186,0.2507,77.67,39.4267,0.88,0,overloaded
No-DT-FedDQL,R5,Edge,edge-2,stringent,25,17.735,0.4723,0.3147,60.45,30.4267,0.9,0,overloaded
No-DT-FedDQL,R5,Edge,edge-2,stringent,50,20.5074,0.4723,0.3147,66.45,34.9267,0.9,0,overloaded
No-DT-FedDQL,R5,Edge,edge-2,stringent,75,23.2797,0.4323,0.3077,72.45,39.4267,0.88,0,overloaded
No-DT-FedDQL,R5,Edge,edge-3,heavy,25,84.6966,0.3154,0.2243,74.31,32.8959,0.873,0,overloaded
No-DT-FedDQL,R5,Edge,edge-3,heavy,50,102.093,0.3154,0.2243,80.31,37.3959,0.873,0,overloaded
No-DT-FedDQL,R5,Edge,edge-3,heavy,75,119.4893,0.2754,0.2192,86.31,41.8959,0.853,0,overloaded
No-DT-FedDQL,R5,Edge,edge-3,stringent,25,20.1008,0.418,0.2753,69.09,32.8959,0.873,0,overloaded
No-DT-FedDQL,R5,Edge,edge-3,stringent,50,23.286,0.418,0.2753,75.09,37.3959,0.873,0,overloaded
No-DT-FedDQL,R5,Edge,edge-3,stringent,75,26.4713,0.378,0.269,81.09,41.8959,0.853,0,overloaded
No-DT-FedDQL,R5,On-premises,on-prem-1,heavy,25,112.0278,0.2753,0.1985,78.63,23.0191,0.846,0,overloaded
No-DT-FedDQL,R5,On-premises,on-prem-1,heavy,50,135.8672,0.2753,0.1985,84.63,27.5191,0.846,0,overloaded
No-DT-FedDQL,R5,On-premises,on-prem-1,heavy,75,159.7066,0.2353,0.1938,90.63,32.0191,0.826,0,overloaded
No-DT-FedDQL,R5,On-premises,on-prem-1,stringent,25,23.5075,0.3689,0.2436,73.41,23.0191,0.846,0,overloaded
No-DT-FedDQL,R5,On-premises,on-prem-1,stringent,50,27.8725,0.3689,0.2436,79.41,27.5191,0.846,0,overloaded
No-DT-FedDQL,R5,On-premises,on-prem-1,stringent,75,32.2375,0.3289,0.2378,85.41,32.0191,0.826,0,overloaded
No-DT-FedDQL,R5,Continuum,continuum-1,heavy,25,69.4421,0.3656,0.2614,64.23,29.8094,0.9,0,overloaded
No-DT-FedDQL,R5,Continuum,continuum-1,heavy,50,83.6169,0.3656,0.2614,70.23,34.3094,0.9,0,overloaded
No-DT-FedDQL,R5,Continuum,continuum-1,heavy,75,97.7917,0.3256,0.2556,76.23,38.8094,0.88,0,overloaded
No-DT-FedDQL,R5,Continuum,continuum-1,stringent,25,16.8085,0.4815,0.3209,59.01,29.8094,0.9,0,overloaded
No-DT-FedDQL,R5,Continuum,continuum-1,stringent,50,19.4038,0.4815,0.3209,65.01,34.3094,0.9,0,overloaded
No-DT-FedDQL,R5,Continuum,continuum-1,stringent,75,21.9992,0.4415,0.3137,71.01,38.8094,0.88,0,overloaded
