Algorithm,Delay_ms,Energy_kJ_per_task,HPC_percent,DTT_score,Violation_percent,CPU_BW_util_percent
DT-FedDQL,20.947,0.030977,100.0,0.8532,15.3333,75.3777
FedDQL-Federated,20.9464,0.030977,99.2366,0.8532,15.3667,75.3777
Greedy,43.338,0.05775,84.7328,0.6991,94.5,76.0236
Fuzzy DQL,43.338,0.05775,84.7328,0.6991,94.5,76.0236
FedServ,43.338,0.05775,84.7328,0.6991,94.5,76.0236
MILP-inspired,44.8493,0.057999,80.916,0.6898,95.7333,75.4118
Centralized DQN,45.2293,0.059265,0.0,0.6771,99.5333,79.9801
Local Only,44.6935,0.059354,0.0,0.6793,99.4,0.0
Random Offloading,58.9547,0.046344,27.4809,0.6033,71.6333,75.2018
